{"calibration": {"mean_pred": [0.018419985287781354, 0.16545409985138, 0.2576301821583908, 0.34867676241665385, 0.4459582465411693, 0.5769023897071041, 0.8530747619465124, 0.9864008846990927], "frac_pos": [1.0, 1.0, 1.0, 1.0, 1.0, 0.9911894273127754, 0.9984387197501952, 0.8895376165854383]}, "decision": {"thresholds": [0.01, 0.0198989898989899, 0.029797979797979796, 0.039696969696969696, 0.049595959595959596, 0.059494949494949496, 0.06939393939393938, 0.07929292929292929, 0.08919191919191918, 0.09909090909090908, 0.10898989898989898, 0.11888888888888888, 0.12878787878787878, 0.1386868686868687, 0.1485858585858586, 0.15848484848484848, 0.16838383838383839, 0.1782828282828283, 0.18818181818181817, 0.19808080808080808, 0.207979797979798, 0.21787878787878787, 0.22777777777777777, 0.23767676767676768, 0.24757575757575756, 0.25747474747474747, 0.2673737373737374, 0.2772727272727273, 0.2871717171717172, 0.29707070707070704, 0.30696969696969695, 0.31686868686868686, 0.32676767676767676, 0.33666666666666667, 0.3465656565656566, 0.3564646464646465, 0.36636363636363634, 0.37626262626262624, 0.38616161616161615, 0.39606060606060606, 0.40595959595959596, 0.41585858585858587, 0.4257575757575757, 0.43565656565656563, 0.44555555555555554, 0.45545454545454545, 0.46535353535353535, 0.47525252525252526, 0.4851515151515151, 0.495050505050505, 0.5049494949494949, 0.5148484848484849, 0.5247474747474747, 0.5346464646464646, 0.5445454545454546, 0.5544444444444444, 0.5643434343434344, 0.5742424242424242, 0.5841414141414141, 0.594040404040404, 0.6039393939393939, 0.6138383838383838, 0.6237373737373737, 0.6336363636363637, 0.6435353535353535, 0.6534343434343434, 0.6633333333333333, 0.6732323232323232, 0.6831313131313131, 0.693030303030303, 0.702929292929293, 0.7128282828282828, 0.7227272727272727, 0.7326262626262626, 0.7425252525252525, 0.7524242424242424, 0.7623232323232323, 0.7722222222222221, 0.7821212121212121, 0.792020202020202, 0.8019191919191919, 0.8118181818181818, 0.8217171717171717, 0.8316161616161616, 0.8415151515151514, 0.8514141414141414, 0.8613131313131313, 0.8712121212121212, 0.8811111111111111, 0.891010101010101, 0.9009090909090909, 0.9108080808080807, 0.9207070707070707, 0.9306060606060605, 0.9405050505050505, 0.9504040404040404, 0.9603030303030302, 0.9702020202020202, 0.98010101010101, 0.99], "nb_model": [0.8885700980631793, 0.8875341595770424, 0.8864770816902513, 0.8839440287666114, 0.8827972404767387, 0.8816727116489788, 0.8794563444334736, 0.8782831968664693, 0.877084548919834, 0.8746553156225209, 0.873380386236726, 0.8720773205758516, 0.86997262542072, 0.8686330874715994, 0.8672624011729679, 0.8655868081953225, 0.862582685324771, 0.8611117461457121, 0.8596049348652351, 0.8562659172603362, 0.85468331007705, 0.8530379204712752, 0.8506011168888614, 0.8488936253957037, 0.847141205948101, 0.84418326046356, 0.8423354973710354, 0.8404371177074228, 0.8373272115389937, 0.8353211537740524, 0.8332577884268448, 0.8306120276082096, 0.8273130687525213, 0.8250622360398936, 0.8218570647182075, 0.8183987771125596, 0.8157973875515079, 0.8132540843442065, 0.8091745706893096, 0.8063268473352856, 0.8035250891100013, 0.7995831792055916, 0.7965184285602861, 0.793416718147456, 0.7718906491267509, 0.768538666668892, 0.765063401549094, 0.7592084392061491, 0.7554878630120414, 0.7515986894636432, 0.7471231791391805, 0.7429380091806304, 0.7382376703186776, 0.7336926843333071, 0.7284048158709733, 0.7234515333986725, 0.7182277107408854, 0.7127028498456104, 0.7070042280319138, 0.701051523520079, 0.6912686170809667, 0.6846993813575475, 0.6777844892041176, 0.6704959221507504, 0.6628025494463603, 0.6546696835766947, 0.6460585573678588, 0.6369257060471429, 0.6272222334771886, 0.6168929364176949, 0.6058752536990168, 0.5940979980598813, 0.581479816335037, 0.5679273075916549, 0.5533327071598839, 0.5375710150575186, 0.5204964068259295, 0.501937708477537, 0.48169263791018996, 0.4595204018104487, 0.43513207276040156, 0.40817792916724716, 0.37823057756034845, 0.3447621216253445, 0.29843312681303014, 0.24228111132404784, 0.1935464124434365, 0.13731994808784442, 0.0699126407862779, -0.012044697141495364, -0.10539712861609418, -0.2925538820175003, -0.4353500507328292, -0.6180908127473876, -0.17316565286830798, -0.3887111910228319, -0.6823762484084013, -1.1619433354296231, -2.105298894473418, -4.835154847651719], "nb_all": [0.8974315190715636, 0.8963955805854267, 0.8953385026986356, 0.8942596316840637, 0.8931582865788494, 0.8920337577510895, 0.8908853053750564, 0.889712157808052, 0.8885135098614168, 0.8872885209575507, 0.886036313164085, 0.8847559690955399, 0.8834465296719298, 0.8821069917228093, 0.8807363054241778, 0.8793333715544825, 0.8778970385546453, 0.8764260993755864, 0.8749192880951094, 0.8733752762842165, 0.8717926691009303, 0.8701700010874848, 0.8685057316442635, 0.8667982401511056, 0.8650458207035031, 0.8632466764277505, 0.861398913335226, 0.8595005336716135, 0.8575494287119731, 0.8555433709470318, 0.8534800055998243, 0.8513568414047604, 0.8491712405732025, 0.8469204078605748, 0.8446013786397271, 0.8422110058735511, 0.8397459458664746, 0.8372026426591732, 0.8345773109133445, 0.8318659171132956, 0.8290641588880113, 0.8261674422307443, 0.8231708563624265, 0.8200691459495963, 0.8168566803462187, 0.8135274194806891, 0.8100748759532201, 0.8064920728431944, 0.8027714966490866, 0.7989050446930175, 0.7948839662151387, 0.7906987962565885, 0.7863392812795738, 0.7817942952942033, 0.7770517450477699, 0.7720984625754692, 0.7669200831023405, 0.7615009059123119, 0.7558237353462217, 0.7498696985370477, 0.7436180358123934, 0.7370458588596376, 0.7301278707168845, 0.7228360403695601, 0.7151392231284768, 0.707002715948818, 0.6983877342995484, 0.6892507939475718, 0.6795429768633708, 0.6692090550906201, 0.6581864394493011, 0.646403910805626, 0.6337800795702713, 0.6202215029922156, 0.6056203681523714, 0.5898516191025681, 0.5727693660945155, 0.5542023585012839, 0.533948223653405, 0.5117660604275837, 0.48736681204507626, 0.4604006003330085, 0.4304398404648127, 0.39695639977228236, 0.3592901965713161, 0.31660524705669246, 0.26782688887137285, 0.21155005366305457, 0.1459017148856372, 0.06832837666394276, -0.02474381404648851, -0.1384752905771286, -0.28060341602497496, -0.46328046809258316, -0.7067464882506037, -1.0474005734818834, -1.557948299184741, -2.4077073951851005, -4.102912089236558, -9.154279611915197], "prevalence": 0.8984572038808479}}